City_ID,City,Country,Lat,Lng,Max Temp,Humidity,Cloudiness,Wind Speed,Current Description
0,Tiksi,RU,71.6872,128.8694,-15.92,93,100,8.88,overcast clouds
1,Punta Arenas,CL,-53.15,-70.9167,53.71,62,0,9.22,clear sky
2,Half Moon Bay,US,37.4636,-122.4286,48.45,84,100,8.05,mist
3,Kaitangata,NZ,-46.2817,169.8464,51.4,66,100,6.46,overcast clouds
4,Luna,PH,10.9667,123.2333,79.02,88,100,13.71,overcast clouds
5,Quatre Cocos,MU,-20.2078,57.7625,78.1,72,55,11.43,light rain
6,Saint-Philippe,RE,-21.3585,55.7679,74.79,75,37,9.69,scattered clouds
7,Albany,US,42.6001,-73.9662,30.63,79,19,10.0,few clouds
8,Nikolskoye,RU,59.7035,30.7861,28.29,90,100,6.33,overcast clouds
9,Rikitea,PF,-23.1203,-134.9692,76.69,84,100,17.43,overcast clouds
10,Yellowknife,CA,62.456,-114.3525,-22.45,76,20,3.44,few clouds
11,Kuito,AO,-12.3833,16.9333,56.05,97,99,5.41,overcast clouds
12,Atuona,PF,-9.8,-139.0333,78.64,78,80,19.64,broken clouds
13,San Patricio,US,28.017,-97.5169,49.87,88,98,10.27,overcast clouds
14,Tateyama,JP,34.9833,139.8667,47.25,45,33,9.95,scattered clouds
15,Luanda,AO,-8.8368,13.2343,77.0,78,40,2.3,scattered clouds
16,Zeya,RU,53.75,127.2667,-14.93,89,77,2.13,broken clouds
17,Teacapan,MX,22.55,-105.75,68.05,84,55,6.85,broken clouds
18,Kapaa,US,22.0752,-159.319,79.12,50,0,4.61,clear sky
19,Kapoeta,SS,4.7717,33.5903,75.2,45,95,2.8,overcast clouds
20,Isangel,VU,-19.55,169.2667,89.71,66,75,6.91,broken clouds
21,Port-Cartier,CA,50.0334,-66.8654,32.76,80,100,9.98,overcast clouds
22,Awbari,LY,26.5921,12.7805,52.57,89,0,9.66,clear sky
23,Castro,BR,-24.7911,-50.0119,60.01,97,85,5.93,overcast clouds
24,Busselton,AU,-33.65,115.3333,85.35,31,73,3.04,broken clouds
25,Roma,US,43.2128,-75.4557,29.08,93,100,8.05,overcast clouds
26,Hermanus,ZA,-34.4187,19.2345,63.59,77,60,8.59,light rain
27,New Norfolk,AU,-42.7826,147.0587,63.91,39,0,5.55,clear sky
28,Sinnamary,GF,5.3833,-52.95,77.4,87,100,10.87,overcast clouds
29,Obo,CF,5.3998,26.4869,71.17,39,20,4.36,few clouds
30,Hithadhoo,MV,-0.6,73.0833,80.6,72,47,11.43,scattered clouds
31,Peniche,PT,39.3558,-9.3811,64.29,94,100,23.49,light rain
32,Lorengau,PG,-2.0226,147.2712,86.0,65,100,4.45,overcast clouds
33,Cubuk,TR,40.2386,33.0322,35.35,64,40,12.66,scattered clouds
34,Jamestown,US,42.097,-79.2353,31.59,68,100,8.01,overcast clouds
35,Abashiri,JP,44.0213,144.2697,26.89,50,40,3.44,scattered clouds
36,Sharjah,AE,25.3573,55.4033,69.78,72,0,3.44,clear sky
37,Torbay,CA,47.6666,-52.7314,38.57,97,100,14.97,fog
38,Cape Town,ZA,-33.9258,18.4232,65.1,74,20,11.5,few clouds
39,Lagoa,PT,39.05,-27.9833,61.0,81,69,21.72,broken clouds
40,Benguela,AO,-12.5763,13.4055,72.18,79,66,3.33,broken clouds
41,Port Lincoln,AU,-34.7333,135.8667,71.31,65,100,9.82,light rain
42,Soto La Marina,MX,23.7667,-98.2167,64.69,90,63,2.42,broken clouds
43,Watertown,US,42.3709,-71.1828,34.86,69,20,13.8,few clouds
44,Severo-Kurilsk,RU,50.6789,156.125,29.26,90,100,34.09,snow
45,Ozinki,RU,51.1786,49.6769,21.24,72,99,7.0,overcast clouds
46,Saravena,CO,6.9538,-71.8752,71.76,89,100,3.22,overcast clouds
47,Calvinia,ZA,-31.4707,19.776,59.0,64,6,4.56,clear sky
48,Vaini,TO,-21.2,-175.2,87.96,79,20,13.8,few clouds
49,Ancud,CL,-41.8697,-73.8203,55.65,89,52,8.93,broken clouds
50,Hilo,US,19.7297,-155.09,76.24,83,75,0.0,broken clouds
51,Victoria,HK,22.2855,114.1577,66.25,67,98,8.01,overcast clouds
52,Balabac,PH,7.9868,117.0645,81.57,81,100,10.76,moderate rain
53,Arraial Do Cabo,BR,-22.9661,-42.0278,71.82,92,100,24.49,light rain
54,Mahebourg,MU,-20.4081,57.7,78.26,73,40,9.22,scattered clouds
55,Narasannapeta,IN,18.4167,84.05,70.52,47,37,4.83,scattered clouds
56,Mayumba,GA,-3.432,10.6554,76.77,89,100,3.8,light rain
57,Mataura,NZ,-46.1927,168.8643,54.59,64,100,5.08,overcast clouds
58,Progreso,MX,21.2833,-89.6667,78.12,82,49,10.07,scattered clouds
59,Soyo,AO,-6.1349,12.3689,76.69,82,88,4.83,overcast clouds
60,Fortuna,US,40.5982,-124.1573,45.52,89,0,4.61,clear sky
61,Temerloh,MY,3.4483,102.4176,77.99,93,99,1.01,overcast clouds
62,Umm Bab,QA,25.2142,50.8072,64.96,67,0,12.5,clear sky
63,Ribeira Grande,PT,38.5167,-28.7,63.77,89,79,15.99,broken clouds
64,Ushuaia,AR,-54.8,-68.3,55.06,54,0,2.3,clear sky
65,Champoton,MX,19.35,-90.7167,75.49,81,64,4.38,broken clouds
66,Butaritari,KI,3.0707,172.7902,81.16,80,69,15.68,light rain
67,Upernavik,GL,72.7868,-56.1549,27.37,77,100,8.81,overcast clouds
68,Georgetown,MY,5.4112,100.3354,82.33,80,20,6.91,few clouds
69,Krasnoselkup,RU,65.7,82.4667,-27.99,100,100,1.99,overcast clouds
70,Wanning,CN,18.8003,110.3967,69.39,82,99,6.89,overcast clouds
71,Chokurdakh,RU,70.6333,147.9167,-6.92,99,86,2.13,overcast clouds
72,Rangapara,IN,26.8167,92.65,67.05,57,54,2.93,broken clouds
73,Vardo,NO,70.3705,31.1107,28.38,93,75,2.3,light shower snow
74,Pisco,PE,-13.7,-76.2167,69.85,88,0,16.11,clear sky
75,Tessalit,ML,20.1986,1.0114,64.36,21,0,7.2,clear sky
76,Nkowakowa,ZA,-23.8878,30.2871,69.53,86,100,2.26,overcast clouds
77,Yumen,CN,40.2833,97.2,24.12,53,100,19.93,overcast clouds
78,Bethel,US,41.3712,-73.414,34.48,64,75,5.99,broken clouds
79,Bredasdorp,ZA,-34.5322,20.0403,62.31,78,67,4.94,broken clouds
80,Encheng,CN,22.1839,112.3026,60.96,47,98,7.43,overcast clouds
81,Leh,IN,34.1667,77.5833,10.85,53,1,1.61,clear sky
82,Airai,TL,-8.9266,125.4092,62.46,94,100,2.13,moderate rain
83,Ahuimanu,US,21.4447,-157.8378,72.61,70,40,12.66,scattered clouds
84,Mishelevka,RU,52.8575,103.1719,2.82,84,98,3.27,overcast clouds
85,General Roca,AR,-39.0333,-67.5833,72.43,52,100,11.77,overcast clouds
86,Hovd,MN,48.0056,91.6419,4.6,77,100,2.01,overcast clouds
87,Mossendjo,CG,-2.9506,12.7261,69.66,99,100,2.13,overcast clouds
88,Matagami,CA,49.7502,-77.6328,15.91,92,100,10.36,overcast clouds
89,Santa Marinella,IT,42.0345,11.8536,52.48,84,24,3.58,few clouds
90,Cidreira,BR,-30.1811,-50.2056,69.46,85,95,20.38,overcast clouds
91,Te Anau,NZ,-45.4167,167.7167,56.95,63,89,5.88,overcast clouds
92,Bac Lieu,VN,9.285,105.7244,79.27,66,47,9.86,scattered clouds
93,Venado Tuerto,AR,-33.7456,-61.9688,75.76,42,0,9.64,clear sky
94,Ponta Do Sol,PT,32.6667,-17.1,69.01,85,100,5.08,overcast clouds
95,Shimoda,JP,34.6667,138.95,50.36,54,17,1.45,few clouds
96,Sidmouth,GB,50.6909,-3.2397,54.97,95,75,8.05,light rain
97,Bandarbeyla,SO,9.4942,50.8122,75.43,76,48,17.43,scattered clouds
98,Nioro,GM,13.35,-15.75,73.4,18,24,7.52,few clouds
99,Bluff,NZ,-46.6,168.3333,52.52,63,64,13.44,broken clouds
100,The Valley,AI,18.217,-63.0578,79.11,76,3,18.48,clear sky
101,Honiara,SB,-9.4333,159.95,85.6,72,90,4.5,overcast clouds
102,Kabwe,ZM,-14.4469,28.4464,63.27,97,100,3.83,overcast clouds
103,Lae,PG,-6.7221,146.9847,92.07,61,100,5.95,overcast clouds
104,Aklavik,CA,68.2191,-135.0107,-23.28,89,99,7.23,overcast clouds
105,Geraldton,AU,-28.7667,114.6,86.41,35,78,4.61,broken clouds
106,Puerto Ayora,EC,-0.7393,-90.3518,71.55,94,39,6.46,scattered clouds
107,Kodiak,US,57.79,-152.4072,27.91,69,0,11.5,clear sky
108,Sao Geraldo Do Araguaia,BR,-6.4006,-48.555,72.43,95,90,1.66,overcast clouds
109,Lata,PT,40.1629,-8.3327,60.93,96,100,9.28,overcast clouds
110,Port Alfred,ZA,-33.5906,26.891,61.18,83,72,4.0,broken clouds
111,Port Elizabeth,ZA,-33.918,25.5701,64.69,78,0,14.97,clear sky
112,Mogadishu,SO,2.0371,45.3438,77.02,83,51,16.87,broken clouds
113,Chuy,UY,-33.6971,-53.4616,65.61,88,0,9.44,clear sky
114,Shu,KZ,43.5983,73.7614,17.62,85,5,6.91,clear sky
115,Okhotsk,RU,59.3833,143.3,8.29,88,100,22.01,overcast clouds
116,Mount Isa,AU,-20.7333,139.5,85.77,54,23,8.05,few clouds
117,Lompoc,US,34.6391,-120.4579,50.77,88,0,0.0,clear sky
118,Bengkulu,ID,-3.8004,102.2655,84.85,63,33,4.65,scattered clouds
119,Zverinogolovskoye,RU,54.4586,64.8542,19.35,85,100,11.88,overcast clouds
120,Dingle,PH,10.9995,122.6711,79.59,88,99,13.22,overcast clouds
121,Luena,AO,-11.7833,19.9167,59.85,97,100,4.0,overcast clouds
122,Clyde River,CA,70.4692,-68.5914,5.23,72,100,6.91,overcast clouds
123,Pevek,RU,69.7008,170.3133,20.01,53,0,10.13,clear sky
124,Camacupa,AO,-12.0167,17.4833,57.63,96,86,3.18,overcast clouds
125,Grindavik,IS,63.8424,-22.4338,25.27,80,40,44.87,scattered clouds
126,Abha,SA,18.2164,42.5053,46.22,81,0,0.0,clear sky
127,Avera,US,33.194,-82.5271,45.91,50,100,5.26,overcast clouds
128,Avarua,CK,-21.2078,-159.775,78.85,83,75,3.44,light rain
129,Japura,ID,-0.3167,102.35,85.6,67,68,2.35,broken clouds
130,Thompson,CA,55.7435,-97.8558,-11.04,70,100,11.5,overcast clouds
131,Savannah Bight,HN,16.45,-85.85,80.74,72,10,19.71,clear sky
132,Yuty,PY,-26.6,-56.25,72.61,63,46,5.46,scattered clouds
133,Purpe,RU,64.4803,76.6897,-5.48,98,100,11.72,overcast clouds
134,Jiaocheng,CN,24.6774,116.1389,60.03,45,0,1.41,clear sky
135,Hami,CN,42.8,93.45,22.37,45,70,3.56,broken clouds
136,Mount Gambier,AU,-37.8333,140.7667,79.07,29,100,5.17,overcast clouds
137,Ahipara,NZ,-35.1667,173.1667,69.93,62,1,7.99,clear sky
138,Ode,NG,7.7899,5.7117,69.01,31,12,2.28,few clouds
139,Stornoway,GB,58.2093,-6.3865,48.16,85,40,29.93,scattered clouds
140,Carnarvon,AU,-24.8667,113.6333,78.31,66,4,7.72,clear sky
141,Vilhena,BR,-12.7406,-60.1458,68.13,99,100,2.98,overcast clouds
142,Tasiilaq,GL,65.6145,-37.6368,12.36,50,0,4.0,clear sky
143,Ugoofaaru,MV,5.6667,73.0,79.9,72,100,4.43,overcast clouds
144,Alofi,NU,-19.0595,-169.9187,87.69,66,40,9.22,scattered clouds
145,Ambovombe,MG,-25.1667,46.0833,74.52,87,94,8.28,overcast clouds
146,Provideniya,RU,64.3833,-173.3,26.71,68,40,22.37,scattered clouds
147,Cherskiy,RU,68.75,161.3,22.46,76,48,5.48,scattered clouds
148,Belyy Yar,RU,53.6039,91.3903,13.89,85,100,2.24,snow
149,East London,ZA,-33.0153,27.9116,64.62,69,52,16.37,broken clouds
150,Ignacio De La Llave,MX,18.7167,-95.9833,71.17,90,70,3.91,broken clouds
151,Key West,US,24.5557,-81.7826,80.6,80,0,13.8,clear sky
152,Gat,IL,31.61,34.7642,58.41,60,5,6.96,clear sky
153,Tingo Maria,PE,-9.2895,-76.0088,69.49,90,95,2.26,overcast clouds
154,Sobolevo,RU,54.4299,31.8996,14.54,79,100,13.62,overcast clouds
155,Codrington,AU,-38.2667,141.9667,76.51,38,79,9.64,broken clouds
156,Wadi Maliz,TN,36.4681,8.5495,40.66,77,79,2.3,broken clouds
157,Ixtapa,MX,20.7,-105.2,74.43,78,0,5.75,clear sky
158,Sao Joao Da Barra,BR,-21.6403,-41.0511,72.81,96,100,6.22,overcast clouds
159,Inuvik,CA,68.3499,-133.7218,-15.59,76,20,2.3,few clouds
160,Sabang,ID,5.8933,95.3214,80.6,80,93,14.74,moderate rain
161,Flinders,AU,-34.5833,150.8552,66.25,58,55,11.16,broken clouds
162,Padang,ID,-0.9492,100.3543,86.05,64,94,4.5,overcast clouds
163,Guerrero Negro,MX,27.9769,-114.0611,59.43,68,34,4.59,scattered clouds
164,Bonthe,SL,7.5264,-12.505,78.57,81,94,3.09,overcast clouds
165,Tuktoyaktuk,CA,69.4541,-133.0374,-18.4,76,75,6.91,broken clouds
166,Kavieng,PG,-2.5744,150.7967,82.8,73,100,4.47,light rain
167,Kilis,TR,36.7161,37.115,37.63,63,72,2.68,broken clouds
168,Broome,US,42.2506,-75.833,29.17,82,100,9.22,light snow
169,Tawang,IN,27.5833,91.8667,40.78,67,54,2.53,broken clouds
170,Ilulissat,GL,69.2167,-51.1,23.02,39,16,14.97,few clouds
171,Baruun-Urt,MN,46.6806,113.2792,5.32,88,100,15.41,light snow
172,Vilyuysk,RU,63.7553,121.6247,-31.47,99,87,3.47,overcast clouds
173,Senno,RU,59.5336,33.9167,28.26,90,100,6.6,overcast clouds
174,Sfantu Gheorghe,RO,45.8667,25.7833,31.26,55,0,2.71,clear sky
175,Quelimane,MZ,-17.8786,36.8883,75.15,94,75,4.61,broken clouds
176,Taoudenni,ML,22.6783,-3.9836,62.78,41,0,13.62,clear sky
177,Bambous Virieux,MU,-20.3428,57.7575,78.22,73,40,9.22,light rain
178,Dikson,RU,73.5069,80.5464,-21.01,99,35,5.26,scattered clouds
179,Vanavara,RU,60.34,102.2797,-37.37,100,49,2.42,scattered clouds
180,Namatanai,PG,-3.6667,152.4333,84.4,71,73,4.65,light rain
181,San Joaquin,US,37.9333,-121.3011,41.49,83,100,0.0,haze
182,Sur,OM,22.5667,59.5289,73.04,60,4,6.62,clear sky
183,Rio Grande,BR,-32.035,-52.0986,67.71,88,91,21.25,overcast clouds
184,Miri,MY,4.4148,114.0089,87.17,74,40,2.3,scattered clouds
185,Bathsheba,BB,13.2167,-59.5167,80.06,89,40,16.11,light rain
186,Saldanha,ZA,-33.0117,17.9442,59.05,83,0,16.35,clear sky
187,Nyurba,RU,63.2842,118.3319,-24.95,98,100,4.23,overcast clouds
188,Itaituba,BR,-4.2761,-55.9836,73.24,98,100,0.85,overcast clouds
189,Sabha,LY,27.0377,14.4283,53.55,88,5,13.18,clear sky
190,Barrow,US,71.2906,-156.7887,5.02,85,100,14.97,overcast clouds
191,Ostersund,SE,63.1792,14.6357,23.45,93,100,13.8,overcast clouds
192,Chatra,IN,24.2167,84.8667,60.73,34,23,4.88,few clouds
193,Bowling Green,US,36.9903,-86.4436,37.33,61,100,4.61,overcast clouds
194,Qaanaaq,GL,77.484,-69.3632,-12.1,76,0,3.09,clear sky
195,Sikasso,ML,10.9167,-7.0,69.48,21,73,5.57,broken clouds
196,La Crosse,US,43.8014,-91.2396,21.36,91,100,6.91,mist
197,Toppenish,US,46.3774,-120.3087,20.5,91,98,2.98,overcast clouds
198,Ngunguru,NZ,-35.6167,174.5,69.62,64,25,12.57,scattered clouds
199,Souillac,MU,-20.5167,57.5167,75.58,73,40,9.22,scattered clouds
200,Biak,ID,-0.9131,122.8766,83.23,67,100,3.13,overcast clouds
201,Necochea,AR,-38.5473,-58.7368,67.32,63,0,13.4,clear sky
202,Port-Gentil,GA,-0.7193,8.7815,79.79,76,100,4.32,light rain
203,Muros,ES,42.7762,-9.0603,58.68,96,100,17.65,overcast clouds
204,La Ronge,CA,55.1001,-105.2842,-10.98,70,75,12.66,broken clouds
205,Kushima,JP,31.4583,131.2333,53.28,47,0,1.72,clear sky
206,Longonjo,AO,-12.9067,15.2533,58.8,98,99,2.93,overcast clouds
207,Ostrovnoy,RU,68.0531,39.5131,17.06,89,100,11.68,overcast clouds
208,Ust-Tsilma,RU,65.441,52.1498,1.87,98,100,5.21,overcast clouds
209,Salalah,OM,17.0151,54.0924,75.29,33,75,14.97,broken clouds
210,Caucaia,BR,-3.7361,-38.6531,80.55,75,40,8.05,scattered clouds
211,Luganville,VU,-15.5333,167.1667,85.41,63,24,7.76,few clouds
212,Bodaybo,RU,57.8506,114.1933,-5.08,95,99,2.44,overcast clouds
213,San Lazaro,BZ,18.0387,-88.6622,69.31,90,6,3.67,clear sky
214,Amapa,BR,1.0,-52.0,70.65,99,66,2.46,broken clouds
215,Ngama,TD,11.7833,17.1667,65.32,29,0,8.66,clear sky
216,Tomatlan,MX,19.9333,-105.25,67.08,83,0,3.44,clear sky
217,Ustye,RU,59.6304,39.736,19.76,95,100,7.11,overcast clouds
218,Kovur,IN,14.4833,79.9833,74.52,74,79,7.27,broken clouds
219,Whitianga,NZ,-36.8333,175.7,72.64,63,70,7.31,broken clouds
220,Ferrol,ES,43.4832,-8.2369,59.52,95,100,9.69,overcast clouds
221,Vao,NC,-22.6667,167.4833,76.6,81,94,17.09,overcast clouds
222,Mariinskiy Posad,RU,56.115,47.718,7.74,98,91,3.09,overcast clouds
223,Hervey Bay,AU,-25.2986,152.8535,74.98,60,28,21.74,scattered clouds
224,Canutama,BR,-6.5339,-64.3831,72.9,98,99,1.23,moderate rain
225,Nanortalik,GL,60.1432,-45.2371,19.71,70,6,5.32,clear sky
226,Saskylakh,RU,71.9167,114.0833,-16.2,100,98,4.18,overcast clouds
227,Carutapera,BR,-1.195,-46.02,77.85,82,77,6.49,broken clouds
228,Tapiramuta,BR,-11.8472,-40.7914,63.57,90,69,3.65,broken clouds
229,Kurumkan,RU,54.3,110.3,-5.22,96,97,1.97,overcast clouds
230,Oktyabrskiy,RU,54.4815,53.471,1.96,97,15,3.22,few clouds
231,Iqaluit,CA,63.7506,-68.5145,17.33,93,100,14.97,light snow
232,Puri,IN,19.8,85.85,64.92,52,58,6.73,broken clouds
233,Chowchilla,US,37.123,-120.2602,53.44,93,75,0.0,mist
234,Hasaki,JP,35.7333,140.8333,46.8,40,4,8.86,clear sky
235,Camacha,PT,33.0833,-16.3333,62.02,94,75,3.44,broken clouds
236,Tamiahua,MX,21.2667,-97.45,68.7,88,0,4.43,clear sky
237,Omsukchan,RU,62.5333,155.8,10.51,97,100,9.71,overcast clouds
238,Mandera,KE,3.9366,41.867,74.88,34,98,9.04,overcast clouds
239,Seoni Malwa,IN,22.45,77.4667,64.96,38,45,4.99,scattered clouds
240,Mar Del Plata,AR,-38.0023,-57.5575,68.95,89,0,14.0,clear sky
241,Cockburn Town,TC,21.4612,-71.1419,78.69,74,0,14.9,clear sky
242,Vestmannaeyjar,IS,63.4427,-20.2734,33.78,49,100,25.05,overcast clouds
243,Grand Gaube,MU,-20.0064,57.6608,78.39,69,63,7.0,broken clouds
244,Sakakah,SA,29.9697,40.2064,49.57,52,2,5.95,clear sky
245,Chemal,RU,51.4111,86.005,28.96,96,100,6.35,snow
246,Nome,US,64.5011,-165.4064,10.47,53,0,3.44,clear sky
247,Lebu,CL,-37.6167,-73.65,52.77,86,8,8.7,clear sky
248,Longyearbyen,SJ,78.2186,15.6401,1.92,89,72,2.48,broken clouds
249,Otradnoye,RU,59.7775,30.8181,28.45,90,100,6.53,overcast clouds
250,Cabo San Lucas,MX,22.8909,-109.9124,71.51,76,0,4.61,clear sky
251,Riedlingen,DE,48.1545,9.4756,32.88,94,100,2.44,overcast clouds
252,Dahegam,IN,23.1667,72.8167,67.77,31,33,4.88,scattered clouds
253,La Sarre,CA,48.8002,-79.1996,-0.09,100,74,3.8,broken clouds
254,Katsuura,JP,35.1333,140.3,47.7,41,3,10.65,clear sky
255,Caravelas,BR,-17.7125,-39.2481,74.41,92,84,7.2,broken clouds
256,Hobart,AU,-42.8794,147.3294,64.26,67,75,6.91,broken clouds
257,Winslow,US,35.0242,-110.6974,28.58,69,0,4.61,clear sky
258,Sangar,RU,63.9242,127.4739,-39.17,96,37,3.33,scattered clouds
259,Ossora,RU,59.2353,163.0719,34.81,87,98,24.05,light snow
260,Lat Yao,TH,15.751,99.7893,73.38,58,80,2.35,broken clouds
261,Praia,CV,14.9215,-23.5087,73.94,78,0,18.41,clear sky
262,Zhanakorgan,KZ,43.9098,67.2495,29.44,70,0,10.65,clear sky
263,Raudeberg,NO,61.9875,5.1352,48.87,66,100,13.0,overcast clouds
264,Saint Andrews,US,34.0454,-81.1293,42.39,74,100,0.0,overcast clouds
265,La Palma,US,33.8464,-118.0467,59.5,74,0,8.05,clear sky
266,Fort Nelson,CA,58.8053,-122.7002,-38.61,67,0,2.3,clear sky
267,Narsaq,GL,60.9167,-46.05,7.02,63,5,8.43,clear sky
268,Mecca,SA,21.4267,39.8261,72.73,65,7,2.75,clear sky
269,Swinford,IE,53.95,-8.95,48.33,98,74,13.6,broken clouds
270,Huilong,CN,31.8111,121.655,47.93,51,8,12.82,clear sky
271,Khatanga,RU,71.9667,102.5,-11.83,99,100,8.16,light snow
272,Vera Cruz,BR,-12.6333,-41.0333,67.57,89,98,3.58,overcast clouds
273,Khorixas,NA,-20.3667,14.9667,59.47,63,1,2.44,clear sky
274,Gravdal,NO,68.1214,13.5031,32.86,66,100,16.8,overcast clouds
275,Jiehu,CN,35.5428,118.455,37.76,45,100,7.11,overcast clouds
276,Hualmay,PE,-11.0964,-77.6139,70.56,82,96,9.1,overcast clouds
277,Saint George,US,37.1041,-113.5841,39.79,48,0,4.61,clear sky
278,Dawei,MM,14.0833,98.2,79.0,43,23,3.36,few clouds
279,Pitimbu,BR,-7.4706,-34.8086,79.39,78,3,10.31,clear sky
280,Ubata,BR,-14.2139,-39.5228,67.6,100,63,0.65,broken clouds
281,Pau,FR,43.4167,-0.5833,51.12,87,75,2.3,broken clouds
282,Pangnirtung,CA,66.1451,-65.7125,15.8,92,100,2.3,mist
283,Faanui,PF,-16.4833,-151.75,80.37,75,63,12.46,broken clouds
284,Millbrook,US,32.4799,-86.3619,46.2,86,100,0.0,light rain
285,Nathdwara,IN,24.9333,73.8167,54.59,25,51,1.03,broken clouds
286,San Ignacio,BZ,17.1561,-89.0714,68.58,97,3,2.28,clear sky
287,North Platte,US,41.1239,-100.7654,4.89,72,0,5.75,clear sky
288,Leningradskiy,RU,69.3833,178.4167,3.36,85,6,7.78,clear sky
289,Shangrao,CN,28.4532,117.9686,49.75,43,11,4.88,few clouds
290,Sao Filipe,CV,14.8961,-24.4956,76.14,60,4,12.12,clear sky
291,Rio Gallegos,AR,-51.6226,-69.2181,59.05,58,0,24.16,clear sky
292,Hambantota,LK,6.1241,81.1185,79.14,94,40,3.44,scattered clouds
293,Xinmin,CN,41.9908,122.8253,24.06,39,100,12.71,overcast clouds
294,Makakilo City,US,21.3469,-158.0858,75.52,65,20,12.66,light rain
295,San Jose,US,37.3394,-121.895,50.86,78,100,6.91,overcast clouds
296,Mnogovershinnyy,RU,53.9353,139.9242,-4.0,75,100,11.3,overcast clouds
297,Pyay,MM,18.8167,95.2167,80.98,60,100,1.97,overcast clouds
298,Richards Bay,ZA,-28.783,32.0377,68.31,95,87,5.57,light rain
299,Yankton,US,42.8711,-97.3973,7.05,78,100,16.11,overcast clouds
300,Sile,TR,41.1754,29.6133,47.57,54,93,5.01,overcast clouds
301,Galesong,ID,-5.3166,119.3661,86.02,70,98,3.87,overcast clouds
302,Shache,CN,38.4167,77.2406,29.71,47,27,2.1,scattered clouds
303,Marzuq,YE,14.4,46.4667,51.06,56,0,3.04,clear sky
304,Mayo,US,38.8876,-76.5119,32.99,63,40,17.27,scattered clouds
305,Saint-Michel-Des-Saints,CA,46.6834,-73.9159,23.94,93,94,7.16,overcast clouds
306,Bogovarovo,RU,58.9785,47.0246,-6.27,100,100,3.11,overcast clouds
307,Kanniyakumari,IN,8.0833,77.5667,78.94,76,100,19.91,overcast clouds
308,Igarka,RU,67.4667,86.5833,-27.08,100,100,4.61,overcast clouds
309,Garden City,US,42.3256,-83.331,27.05,77,100,0.0,overcast clouds
310,Aktau,KZ,43.65,51.2,32.58,76,100,21.79,overcast clouds
311,Mehamn,NO,71.0357,27.8492,33.71,68,43,5.75,scattered clouds
312,Olafsvik,IS,64.8945,-23.7142,28.98,71,95,50.82,overcast clouds
313,Berlevag,NO,70.8578,29.0864,33.75,55,75,14.97,broken clouds
314,Anda,CN,46.4,125.3167,4.12,56,31,3.62,scattered clouds
315,Seoul,KR,37.5683,126.9778,29.77,43,20,4.61,few clouds
316,Turukhansk,RU,65.8167,87.9833,-20.47,98,100,6.44,overcast clouds
317,Chulym,RU,55.0997,80.9572,28.02,96,100,13.82,light snow
318,Coquimbo,CL,-29.9533,-71.3436,60.53,88,100,3.44,overcast clouds
319,Touros,BR,-5.1989,-35.4608,77.79,80,7,10.45,clear sky
320,Abnub,EG,27.2696,31.1511,53.82,53,98,6.35,overcast clouds
321,Namibe,AO,-15.1961,12.1522,67.8,83,62,3.06,broken clouds
322,Harper,LR,4.375,-7.7169,77.81,84,60,4.52,broken clouds
323,Navoi,UZ,40.0844,65.3792,26.08,86,2,9.22,mist
324,Kruisfontein,ZA,-34.0033,24.7314,61.23,76,100,12.93,overcast clouds
325,Kushmurun,KZ,52.4503,64.6311,28.26,97,100,13.8,snow
326,Staroshcherbinovskaya,RU,46.6311,38.6742,28.65,62,0,5.77,clear sky
327,Gonda,IN,27.1333,81.9333,61.34,59,2,5.57,clear sky
328,Buraydah,SA,26.326,43.975,48.65,35,37,6.69,scattered clouds
329,Dwarka,IN,22.2394,68.9678,74.98,56,7,9.24,clear sky
330,Arlit,NE,18.7369,7.3853,63.12,29,85,8.16,overcast clouds
331,Hue,VN,16.4667,107.6,66.31,82,75,6.91,broken clouds
332,Salamanca,ES,40.8333,-6.0,51.58,83,98,20.54,overcast clouds
333,Hecun,CN,36.5333,114.1111,41.49,19,100,7.52,overcast clouds
334,Vanimo,PG,-2.6741,141.3028,83.17,78,98,3.13,overcast clouds
335,Sorland,NO,67.667,12.6934,35.46,65,100,27.92,overcast clouds
336,Henties Bay,NA,-22.116,14.2845,59.27,96,15,4.18,few clouds
337,Meulaboh,ID,4.1363,96.1285,81.91,73,36,5.17,scattered clouds
338,Manga,BF,11.6636,-1.0731,70.12,21,100,7.87,overcast clouds
339,Lasa,IT,46.6166,10.7002,42.78,64,100,1.97,overcast clouds
340,Auki,SB,-8.7676,160.7034,84.9,70,63,3.71,broken clouds
341,Adrar,MR,20.5022,-10.0711,60.8,25,0,11.72,clear sky
342,Eastlake,US,41.6539,-81.4504,29.32,80,100,4.61,overcast clouds
343,Garissa,KE,-0.4536,39.6401,74.17,83,26,5.23,scattered clouds
344,Payo,ID,-3.7508,103.6372,81.37,80,93,3.27,overcast clouds
345,Pasighat,IN,28.0667,95.3333,69.64,37,45,0.51,scattered clouds
346,Hearst,CA,49.6835,-83.6665,-5.73,100,86,2.42,overcast clouds
347,Bontang,ID,0.1333,117.5,80.8,81,97,4.94,overcast clouds
348,Awjilah,LY,29.1081,21.2869,57.38,84,18,8.66,few clouds
349,Rocha,UY,-34.4833,-54.3333,61.12,97,3,5.61,clear sky
350,Kidal,ML,18.4411,1.4078,65.5,21,29,9.84,scattered clouds
351,Dinard,FR,48.6314,-2.0614,57.58,88,100,18.41,overcast clouds
352,Kapit,MY,2.0167,112.9333,86.99,64,95,0.94,overcast clouds
353,Nador,MA,35.174,-2.9287,53.85,100,0,2.3,clear sky
354,Alugan,PH,12.2188,125.4808,78.91,83,100,11.65,heavy intensity rain
355,Sao Felix Do Xingu,BR,-6.6447,-51.995,71.96,98,100,1.03,overcast clouds
356,Westport,US,41.1415,-73.3579,35.33,63,100,5.01,overcast clouds
357,Nizhniy Odes,RU,63.6445,54.856,-3.17,98,100,5.7,overcast clouds
358,Port Hardy,CA,50.6996,-127.4199,23.18,80,75,16.11,broken clouds
359,Jalu,LY,29.0331,21.5482,57.11,83,9,8.43,clear sky
360,Turkistan,KZ,43.0,68.0,31.48,69,0,5.1,clear sky
361,Sitka,US,57.0531,-135.33,19.29,42,20,18.41,few clouds
362,Maldonado,UY,-34.6667,-54.9167,67.39,97,1,7.05,clear sky
363,Tucupita,VE,9.0622,-62.051,70.2,99,99,3.11,overcast clouds
364,Bayanday,RU,53.0661,105.5139,4.93,96,100,5.91,overcast clouds
365,Palmares Do Sul,BR,-30.2578,-50.5097,68.41,85,97,16.96,overcast clouds
366,Mabaruma,GY,8.2,-59.7833,70.88,99,100,2.39,overcast clouds
367,Mercedes,AR,-34.6515,-59.4307,72.79,68,0,13.2,clear sky
368,Dawlatabad,AF,36.4141,64.9053,39.96,66,9,0.4,clear sky
369,Norman Wells,CA,65.282,-126.8329,-34.56,67,40,4.61,scattered clouds
370,Aksha,RU,50.2814,113.2867,6.89,64,13,11.12,few clouds
371,Petropavlovsk-Kamchatskiy,RU,53.0452,158.6483,21.79,100,100,4.47,shower snow
372,Dorverden,DE,52.85,9.2333,47.98,94,100,12.62,overcast clouds
373,Wukari,NG,7.85,9.7833,67.44,25,17,6.06,few clouds
374,Tazovskiy,RU,67.4667,78.7,-28.14,97,10,6.06,clear sky
375,Spokoynaya,RU,44.2468,41.4015,17.78,96,100,2.42,overcast clouds
376,Bridlington,GB,54.0831,-0.1919,50.9,99,100,1.01,overcast clouds
377,Bom Jesus,BR,-9.0744,-44.3586,73.8,66,96,2.68,overcast clouds
378,Rawson,AR,-43.3002,-65.1023,64.02,74,100,11.83,light rain
379,Balkanabat,TM,39.5108,54.3671,46.36,74,80,5.57,broken clouds
380,Corumba,BR,-19.0092,-57.6533,71.08,95,100,0.96,overcast clouds
381,Saint Anthony,US,45.0205,-93.218,14.22,86,100,6.91,overcast clouds
382,Yefremov,RU,53.1481,38.0992,17.55,80,100,10.13,overcast clouds
383,Cabra,ES,37.4725,-4.4421,50.09,62,77,4.25,broken clouds
384,Rocky Mountain House,CA,52.3668,-114.9188,-20.94,95,48,6.55,scattered clouds
385,Kedzierzyn-Kozle,PL,50.3498,18.2261,33.53,75,100,21.18,overcast clouds
386,Saint-Augustin,CA,51.226,-58.6502,33.53,82,100,24.58,overcast clouds
387,Kismayo,SO,-0.3582,42.5454,77.74,79,83,12.1,broken clouds
388,Augusta,DE,48.3667,10.8833,38.34,95,100,2.3,overcast clouds
389,Praia Da Vitoria,PT,38.7333,-27.0667,62.85,72,20,11.7,few clouds
390,Kahului,US,20.8947,-156.47,68.02,84,100,3.44,light rain
391,Khorramshahr,IR,30.4397,48.1664,51.76,76,0,0.0,clear sky
392,Coahuayana,MX,18.7333,-103.6833,69.46,82,0,3.06,clear sky
393,Talnakh,RU,69.4865,88.3972,-31.02,100,100,0.87,overcast clouds
394,Aksarka,RU,66.5606,67.7975,-0.31,96,100,14.94,overcast clouds
395,Marawi,PH,7.9986,124.2928,75.54,80,100,3.2,overcast clouds
396,Talcahuano,CL,-36.7167,-73.1167,58.68,77,0,5.75,clear sky
397,Labuhan,ID,-6.8844,112.2051,85.84,64,21,5.28,few clouds
398,Ambilobe,MG,-13.2,49.05,74.12,90,75,3.11,broken clouds
399,Cabedelo,BR,-6.9811,-34.8339,79.47,79,8,11.1,clear sky
400,Sibolga,ID,1.7427,98.7792,82.17,74,87,1.28,overcast clouds
401,Nouadhibou,MR,20.931,-17.0347,69.78,49,0,19.57,clear sky
402,Aberdeen,GB,57.1437,-2.0981,41.54,84,40,9.22,scattered clouds
403,Naze,JP,28.3667,129.4833,59.92,68,53,11.32,broken clouds
404,Mrakovo,RU,52.7161,56.6244,-3.73,100,99,2.28,overcast clouds
405,Kyra,RU,49.5776,111.9753,3.47,69,34,6.06,scattered clouds
406,Muisne,EC,0.6,-80.0333,74.43,83,100,5.08,overcast clouds
407,Aykhal,RU,66.0,111.5,-21.46,99,100,0.54,overcast clouds
408,Kajaani,FI,64.2273,27.7285,21.25,93,100,5.75,overcast clouds
409,Nuuk,GL,64.1835,-51.7216,25.88,45,5,5.57,clear sky
410,Marion,US,39.7684,-86.1555,29.19,75,75,5.75,broken clouds
411,Williston,US,48.147,-103.618,-10.46,76,91,3.0,overcast clouds
412,Lazaro Cardenas,MX,17.9583,-102.2,73.47,75,1,4.79,clear sky
413,Acapulco,MX,16.8634,-99.8901,80.42,78,0,6.91,clear sky
414,Bastia,FR,42.6667,9.3333,50.31,81,0,8.05,clear sky
415,Santa Cruz,BO,-17.8,-63.1667,71.06,94,40,4.61,scattered clouds
416,Hohoe,GH,7.1518,0.4736,72.75,50,37,2.75,scattered clouds
417,Baiyin,CN,36.5583,104.2081,24.64,49,23,6.58,few clouds
418,Yamada,JP,39.4667,141.95,37.58,49,13,11.25,few clouds
419,Kiruna,SE,67.8557,20.2251,-1.28,85,75,5.75,broken clouds
420,Thayetmyo,MM,19.3167,95.1833,81.55,57,99,2.48,overcast clouds
421,Bakchar,RU,57.0186,82.0711,15.1,96,100,5.53,overcast clouds
422,Gushi,CN,34.6425,109.5843,45.18,24,88,13.18,overcast clouds
423,Baykit,RU,61.67,96.37,-32.31,100,35,2.42,scattered clouds
424,Livingstone,ZM,-17.8419,25.8543,66.96,85,66,3.98,broken clouds
425,La Asuncion,VE,11.0333,-63.8628,76.71,84,76,14.03,broken clouds
426,Phangnga,TH,8.4509,98.5298,80.64,66,55,9.26,broken clouds
427,Baykalovo,RU,57.3981,63.7684,8.73,87,100,14.32,overcast clouds
428,Pemangkat,ID,1.1667,108.9667,83.68,70,93,1.16,overcast clouds
429,Itoman,JP,26.1247,127.6694,69.82,50,20,14.97,few clouds
430,Swift Current,CA,50.2834,-107.8014,-24.79,68,20,13.8,few clouds
431,Chapais,CA,49.7834,-74.8492,17.38,98,97,3.94,overcast clouds
432,Springbok,ZA,-29.6643,17.8865,52.93,75,39,4.88,scattered clouds
433,Mariental,NA,-24.6333,17.9667,66.07,42,0,9.33,clear sky
434,Constantine,DZ,36.365,6.6147,40.41,93,0,2.3,clear sky
435,Bay Roberts,CA,47.5999,-53.2648,39.33,95,100,7.0,overcast clouds
436,Yuryevets,RU,57.3201,43.1041,18.61,94,91,9.22,overcast clouds
437,Luderitz,NA,-26.6481,15.1594,61.32,81,0,17.56,clear sky
438,Arman,RU,59.7,150.1667,14.54,80,89,15.82,overcast clouds
439,Shurob,TJ,40.0491,70.5489,31.59,54,98,2.28,overcast clouds
440,Baie-Saint-Paul,CA,47.4411,-70.4986,27.99,88,82,1.01,broken clouds
441,Akdepe,TM,42.0551,59.3788,15.89,50,6,4.7,clear sky
442,Sakaiminato,JP,35.55,133.2333,46.33,75,75,8.05,broken clouds
443,Itarema,BR,-2.9248,-39.9167,77.63,80,74,11.48,broken clouds
444,Chincha Alta,PE,-13.4099,-76.1323,68.59,82,76,0.58,broken clouds
445,Campbell River,CA,50.0163,-125.2446,23.45,79,100,2.3,overcast clouds
446,Shahrud,IR,36.4182,54.9763,37.8,58,7,4.21,clear sky
447,Caborca,MX,30.5838,-111.101,53.96,29,0,4.29,clear sky
448,Portland,US,45.5234,-122.6762,41.29,91,100,5.99,overcast clouds
449,Jiwani,PK,25.05,61.7417,67.48,35,0,9.46,clear sky
450,Manicore,BR,-5.8092,-61.3003,72.09,99,100,2.77,overcast clouds
451,Fredericksburg,US,38.3032,-77.4605,34.74,63,0,8.05,clear sky
452,Lavrentiya,RU,65.5833,-171.0,13.98,77,6,5.21,clear sky
453,Camana,PE,-16.6228,-72.7111,71.91,85,44,8.14,scattered clouds
454,Nantucket,US,41.2835,-70.0995,36.14,71,6,28.54,clear sky
455,Juba,SS,4.8517,31.5825,74.66,46,46,0.56,scattered clouds
456,Ust-Kuyga,RU,70.0167,135.6,-16.06,99,100,1.41,light snow
457,Tura,IN,25.5198,90.2201,68.61,62,16,0.58,few clouds
458,Kilrush,IE,52.6397,-9.4833,46.15,81,28,20.11,scattered clouds
459,Kavaratti,IN,10.5669,72.642,81.52,69,95,9.6,overcast clouds
460,Bhaderwah,IN,32.9784,75.7186,43.61,30,0,2.77,clear sky
461,Svetlogorsk,BY,52.6333,29.7333,22.69,75,100,13.33,overcast clouds
462,Naron,ES,43.5167,-8.1528,60.04,98,100,8.52,overcast clouds
463,Kaihua,CN,23.3687,104.28,53.56,63,32,5.82,scattered clouds
464,Moron,AR,-34.6534,-58.6198,76.96,78,38,11.63,scattered clouds
465,Mocuba,MZ,-16.8392,36.9856,73.81,96,100,1.25,overcast clouds
466,Laguna,US,38.421,-121.4238,43.18,86,100,5.75,haze
467,Killybegs,IE,54.6333,-8.45,45.7,82,46,20.62,scattered clouds
468,Marabba,SD,12.35,32.1833,73.67,31,0,8.57,clear sky
469,Taltal,CL,-25.4,-70.4833,68.14,77,4,4.09,clear sky
470,Kozhva,RU,65.1073,57.0459,11.08,92,100,7.36,overcast clouds
471,Klaksvik,FO,62.2266,-6.589,45.52,81,100,15.75,overcast clouds
472,College,US,64.8569,-147.8028,-34.65,67,0,0.0,haze
473,Bobcaygeon,CA,44.5462,-78.542,22.28,97,26,4.68,scattered clouds
474,Sambava,MG,-14.2667,50.1667,74.23,88,79,3.8,broken clouds
475,Pattaya,TH,12.9333,100.8833,79.12,55,8,13.6,clear sky
476,Teahupoo,PF,-17.8333,-149.2667,78.76,76,100,11.97,overcast clouds
477,Boende,CD,-0.2167,20.8667,68.92,99,100,0.27,light rain
478,Dauphin,CA,51.1494,-100.0502,-5.66,71,100,6.91,overcast clouds
479,Palmer,US,42.1584,-72.3287,32.52,66,75,12.66,broken clouds
480,Gilbert,US,33.3528,-111.789,55.29,54,0,3.44,clear sky
481,Riviere-Au-Renard,CA,48.9957,-64.3971,34.09,88,100,23.24,light snow
482,Andenes,NO,69.3143,16.1194,28.92,80,99,3.44,overcast clouds
483,Hofn,IS,64.2539,-15.2082,31.75,71,100,47.85,overcast clouds
484,Vila Velha,BR,-20.3297,-40.2925,75.15,98,100,8.05,overcast clouds
485,Swan River,CA,52.1058,-101.2676,-4.04,98,100,6.89,overcast clouds
486,Antalaha,MG,-14.9003,50.2788,74.03,86,68,2.84,broken clouds
487,Tuatapere,NZ,-46.1333,167.6833,52.72,72,100,5.48,overcast clouds
488,Tamandare,BR,-8.7597,-35.1047,76.84,81,40,7.34,scattered clouds
489,Krasnogvardeyskoye,RU,45.8456,41.5186,26.31,67,0,3.58,clear sky
490,Benemerito De Las Americas,MX,16.5167,-90.6439,69.31,94,23,2.35,few clouds
491,Grand Island,US,40.925,-98.342,8.89,72,40,13.8,scattered clouds
492,Najran,SA,17.4924,44.1277,48.85,65,0,2.53,clear sky
493,Krechevitsy,RU,58.617,31.401,13.03,90,100,7.27,overcast clouds
494,Russell,US,32.3502,-85.1999,47.8,93,0,0.0,light rain
495,Ayr,GB,55.4627,-4.6339,47.5,81,20,14.97,few clouds
496,Adre,TD,13.4667,22.2,63.61,40,4,11.12,clear sky
497,Puerto Del Rosario,ES,28.5004,-13.8627,60.55,72,67,5.75,broken clouds
498,Valparaiso,CL,-33.0393,-71.6273,56.84,82,0,3.44,clear sky
499,Loandjili,CG,-4.7561,11.8578,77.43,84,100,3.56,overcast clouds
500,Beringovskiy,RU,63.05,179.3167,32.11,90,100,25.7,light snow
501,Sisimiut,GL,66.9395,-53.6735,21.24,56,47,10.27,scattered clouds
502,Nizwa,OM,22.9333,57.5333,60.31,73,0,4.45,clear sky
503,Maniitsoq,GL,65.4167,-52.9,25.84,49,21,4.61,few clouds
504,Esperance,AU,-33.8667,121.9,69.19,62,3,11.25,clear sky
505,Anadyr,RU,64.75,177.4833,28.9,79,100,49.21,overcast clouds
506,Isla Vista,US,34.4133,-119.861,56.82,78,0,4.61,clear sky
507,Pouebo,NC,-20.4,164.5667,80.8,74,59,2.3,broken clouds
508,Santo Antonio Do Ica,BR,-3.1022,-67.9397,73.63,98,100,2.21,overcast clouds
509,Kenora,CA,49.8167,-94.4337,0.77,85,100,3.44,overcast clouds
510,Vyartsilya,RU,62.1764,30.693,24.62,100,100,3.2,light snow
511,Bereda,ES,43.2686,-7.5406,56.41,100,100,5.68,light rain
512,Beira,MZ,-19.8436,34.8389,74.46,94,100,5.66,overcast clouds
513,Killin,US,33.6123,-91.7412,39.29,69,100,8.05,overcast clouds
514,Katangli,RU,51.7102,143.2326,3.02,84,100,22.75,overcast clouds
515,Genhe,CN,50.7833,121.5167,-12.39,93,100,2.3,overcast clouds
516,Okha,RU,53.5739,142.9478,-2.72,81,100,25.14,overcast clouds
517,Los Llanos De Aridane,ES,28.6585,-17.9182,61.12,51,0,8.01,clear sky
518,Russkiy Kameshkir,RU,52.8589,46.0892,18.5,94,99,9.82,overcast clouds
519,Derzhavinsk,KZ,51.1,66.3167,18.81,75,99,17.09,overcast clouds
520,Kasongo-Lunda,CD,-6.4667,16.8167,66.45,97,98,1.81,overcast clouds
521,Monte Escobedo,MX,22.3,-103.5833,47.52,31,4,3.0,clear sky
522,Lumeje,AO,-11.55,20.7833,63.77,91,100,2.82,light rain
523,Lepley,RU,54.3092,42.8599,23.29,94,100,7.72,overcast clouds
524,Pochutla,MX,15.7432,-96.4661,78.82,74,62,3.47,broken clouds
525,Zhoucheng,CN,35.9122,116.3117,39.87,42,100,6.82,overcast clouds
526,Vrangel,RU,42.7297,133.0839,14.88,48,0,10.58,clear sky
527,Batsfjord,NO,70.6345,29.7185,33.73,68,20,4.61,few clouds
528,Deputatskiy,RU,69.3,139.9,-3.71,99,100,2.71,light snow
529,Jumla,NP,29.2747,82.1838,48.51,12,9,1.86,clear sky
530,Linhares,BR,-19.3911,-40.0722,71.38,98,99,2.91,overcast clouds
531,Dukat,RU,62.55,155.55,9.1,98,100,9.46,overcast clouds
532,Goderich,CA,43.7501,-81.7165,32.92,74,100,9.01,overcast clouds
533,Karratha,AU,-20.7377,116.8463,83.89,51,19,12.95,few clouds
534,Marsh Harbour,BS,26.5412,-77.0636,71.53,68,96,13.04,overcast clouds
535,Norilsk,RU,69.3535,88.2027,-30.39,100,98,1.48,overcast clouds
536,Mahajanga,MG,-15.7167,46.3167,80.62,78,40,4.61,scattered clouds
537,Tevaitoa,PF,-16.7833,-151.5,80.22,75,94,12.93,overcast clouds
538,Haines Junction,CA,60.7522,-137.5108,-35.9,100,91,1.19,overcast clouds
539,Pluderhausen,DE,48.7988,9.5959,38.82,91,99,4.52,light rain
540,Garh Maharaja,PK,30.8339,71.9053,57.33,31,0,3.85,clear sky
541,Estrela,BR,-28.0611,-50.9383,61.41,97,100,6.08,moderate rain
542,Powell River,CA,49.8496,-124.5361,27.09,93,100,3.44,mist
543,Upington,ZA,-28.4478,21.2561,64.78,63,0,8.05,clear sky
544,Tecoanapa,MX,16.5167,-98.75,76.98,76,4,6.42,clear sky
545,Tautira,PF,-17.7333,-149.15,80.01,76,100,11.12,overcast clouds
546,Beitbridge,ZW,-22.2167,30.0,74.34,72,92,2.26,overcast clouds
547,Abu Samrah,SY,35.3029,37.1841,48.29,59,45,2.24,scattered clouds
548,Manokwari,ID,-0.8667,134.0833,83.82,70,100,5.32,overcast clouds
549,Porto Nacional,BR,-10.7081,-48.4172,75.2,88,100,1.16,overcast clouds
550,Aswan,EG,24.0934,32.907,63.7,48,0,4.61,clear sky
551,Vostok,RU,46.4856,135.8833,-2.56,79,63,5.97,broken clouds
552,San Quintin,MX,30.4833,-115.95,58.46,59,7,6.69,clear sky
553,Kondopoga,RU,62.2057,34.2614,24.48,100,96,1.19,overcast clouds
554,Jilib,SO,0.4883,42.7854,71.56,92,66,4.36,broken clouds
555,Severnoye,RU,56.3491,78.3619,29.97,97,100,12.17,light snow
556,Tiznit,MA,29.5833,-9.5,57.7,40,23,6.64,few clouds
557,Jinchang,CN,38.4953,102.1739,27.86,44,90,8.39,overcast clouds
558,Tiarei,PF,-17.5333,-149.3333,84.22,77,100,11.43,overcast clouds
559,Kenai,US,60.5544,-151.2583,0.61,85,11,9.69,few clouds
560,Sorong,ID,-0.8833,131.25,83.05,73,100,1.43,overcast clouds
561,Sao Domingos,BR,-13.3983,-46.3183,69.6,92,100,3.33,light rain
562,Borogontsy,RU,62.6683,131.1683,-43.65,99,58,1.68,broken clouds
563,Kalmunai,LK,7.4167,81.8167,75.54,91,100,7.47,overcast clouds
564,Sal Rei,CV,16.1833,-22.9167,74.93,73,0,19.37,clear sky
565,Tarangnan,PH,11.9009,124.7459,77.29,84,100,8.93,moderate rain
566,Tlacotepec,MX,20.0667,-97.8667,58.66,77,10,3.51,clear sky
567,Beaupre,CA,47.0443,-70.8953,31.01,85,79,3.91,broken clouds
568,Poya,NC,-21.35,165.15,75.92,88,99,10.38,overcast clouds
569,Ekibastuz,KZ,51.6667,75.3667,20.37,68,77,16.4,broken clouds
570,Roseburg,US,43.2165,-123.3417,41.5,84,0,0.0,clear sky
571,Paramonga,PE,-10.6667,-77.8333,70.74,82,94,6.38,overcast clouds
572,Porterville,US,36.0652,-119.0168,57.76,93,0,4.61,mist
573,Copiapo,CL,-27.3667,-70.3333,58.69,56,0,1.66,clear sky
574,Yar-Sale,RU,66.8333,70.8333,-4.22,99,100,12.97,overcast clouds
575,Velim,CZ,50.0597,15.1071,29.7,90,81,6.31,broken clouds
576,Kieta,PG,-6.2167,155.6333,84.7,71,39,4.29,scattered clouds
577,Bar Harbor,US,44.3876,-68.2039,32.92,85,100,15.01,overcast clouds
578,Kunashak,RU,55.7032,61.5498,12.72,83,11,16.31,few clouds
579,Moose Factory,CA,51.2585,-80.6094,12.18,85,100,9.22,overcast clouds
580,Marfino,RU,55.7028,37.3822,23.16,85,20,13.42,few clouds
581,Eyl,SO,7.9803,49.8164,75.31,72,18,18.63,few clouds
582,Manali,IN,13.1667,80.2667,77.09,80,100,12.06,overcast clouds
583,Bardiyah,LY,31.7561,25.0865,62.67,82,26,13.47,light rain
584,Cherdyn,RU,60.403,56.4787,0.0,95,100,7.61,overcast clouds
585,Port Augusta,AU,-32.5,137.7667,90.41,29,100,12.08,overcast clouds
586,Vanderhoof,CA,54.0166,-124.0198,-20.47,97,17,1.12,few clouds
587,Waingapu,ID,-9.6567,120.2641,87.4,54,50,1.39,scattered clouds
588,Comodoro Rivadavia,AR,-45.8667,-67.5,62.46,63,0,8.05,clear sky
589,Ladybrand,ZA,-29.1945,27.4574,57.58,74,26,1.77,scattered clouds
590,Bria,CF,6.5423,21.9863,70.54,37,100,3.65,overcast clouds
591,Nabire,ID,-3.3667,135.4833,86.95,64,99,5.88,overcast clouds
592,Hamilton,US,39.1834,-84.5333,29.03,75,0,5.75,clear sky
593,Rijeka,HR,45.3431,14.4092,45.23,70,0,1.14,clear sky
594,Queimadas,BR,-10.9783,-39.6264,70.27,74,69,4.41,broken clouds
595,Alta Floresta,BR,-9.8756,-56.0861,71.58,96,100,2.62,light rain
596,Presidente Franco,PY,-25.5333,-54.6167,72.12,83,75,5.75,thunderstorm
597,Karasburg,NA,-28.0167,18.75,58.84,57,0,7.09,clear sky
598,Gazli,UZ,40.1333,63.45,36.21,65,0,4.81,clear sky
599,Havoysund,NO,70.9963,24.6622,28.63,59,99,2.01,overcast clouds
600,Christchurch,NZ,-43.5333,172.6333,59.2,77,100,5.75,overcast clouds
601,Prince Rupert,CA,54.3161,-130.3201,10.49,44,0,4.61,clear sky
602,Hadrut,AZ,39.52,47.0318,42.55,92,100,1.19,overcast clouds
603,Elk City,US,35.412,-99.4043,37.38,69,0,8.05,clear sky
604,Harur,IN,12.0667,78.5,71.17,78,37,3.09,scattered clouds
605,Morondava,MG,-20.2833,44.2833,80.82,81,74,11.16,light rain
606,Khani,GE,41.9563,42.9566,33.37,99,100,2.91,overcast clouds
607,Kamaishi,JP,39.2667,141.8833,36.77,60,57,12.84,broken clouds
608,Humaita,BR,-7.5061,-63.0208,73.22,99,100,4.34,overcast clouds
609,Linxia,CN,35.6003,103.2064,21.74,51,0,0.85,clear sky
610,Yulara,AU,-25.2406,130.9889,92.59,24,30,9.71,scattered clouds
611,La Vega,DO,19.2221,-70.5296,72.45,93,36,3.89,scattered clouds
612,Praya,CV,14.9215,-23.5087,73.94,78,0,18.41,clear sky
613,Kamenka,RU,51.3223,42.7678,21.94,94,98,8.95,overcast clouds
614,Cap-Aux-Meules,CA,47.3821,-61.8597,37.45,93,100,29.93,overcast clouds
615,Poso,ID,-1.3959,120.7524,85.41,62,100,4.56,overcast clouds
616,Male,MV,4.1748,73.5089,80.55,83,75,11.5,broken clouds
617,Kokopo,PG,-4.352,152.2633,83.28,72,67,3.06,light rain
618,Simplicio Mendes,BR,-7.8539,-41.9103,74.32,53,45,3.24,scattered clouds
619,Constitucion,CL,-35.3333,-72.4167,52.05,88,32,4.92,scattered clouds
620,Atar,MR,20.5169,-13.0499,65.39,26,0,10.76,clear sky
621,Dali,CN,25.7,100.1833,51.91,50,4,2.44,clear sky
622,Kawalu,ID,-7.3817,108.2082,85.15,67,24,2.3,few clouds
623,Faratsiho,MG,-19.4,46.95,59.27,88,39,1.77,scattered clouds
624,Amantea,IT,39.1332,16.0746,60.85,65,5,4.72,clear sky
625,Darhan,MN,49.4867,105.9228,-0.26,95,57,7.83,broken clouds
626,Broken Hill,AU,-31.95,141.4333,87.49,23,65,15.46,broken clouds
627,Manzanillo,CU,20.3433,-77.1167,72.05,83,22,5.88,few clouds
628,Saint-Pierre,RE,-21.3393,55.4781,80.91,61,0,8.05,clear sky
629,Macusani,PE,-14.0833,-70.4333,39.54,91,100,1.88,overcast clouds
630,Nelson Bay,AU,-32.7167,152.15,70.0,65,38,8.01,scattered clouds
631,Ergani,TR,38.2653,39.7621,42.66,61,100,2.42,overcast clouds
632,San Cristobal,VE,7.7669,-72.225,69.98,93,98,1.23,overcast clouds
633,Yaan,NG,7.3833,8.5667,72.09,22,21,4.92,few clouds
634,Sabancuy,MX,18.9667,-91.1833,76.35,84,75,6.04,broken clouds
635,Simoes,BR,-7.5989,-40.8178,77.16,40,96,5.28,overcast clouds
636,Shelkovskaya,RU,43.5069,46.3392,32.16,82,100,11.9,overcast clouds
637,Puerto Escondido,MX,15.85,-97.0667,77.52,72,42,4.21,scattered clouds
638,Gawler,AU,-34.6,138.7333,87.31,31,100,17.25,overcast clouds
639,Planeta Rica,CO,8.4147,-75.5883,74.61,89,72,5.99,broken clouds
640,Sterling,US,39.0062,-77.4286,30.99,64,100,11.99,overcast clouds
641,Sovetskiy,RU,61.3614,63.5842,12.49,94,100,9.51,light snow
642,Chase,CA,50.8165,-119.6857,-9.92,99,45,1.86,scattered clouds
643,Mackenzie,CA,55.2999,-123.1698,-16.38,76,0,5.75,clear sky
644,Bela Vista,BR,-22.1089,-56.5211,73.0,81,97,3.22,overcast clouds
645,Egvekinot,RU,66.3167,-179.1667,14.23,48,0,9.04,clear sky
646,Ormara,PK,25.2088,64.6357,68.65,36,1,15.86,clear sky
647,Ranong,TH,9.9658,98.6348,78.73,75,96,8.63,overcast clouds
648,Sao Gabriel Da Cachoeira,BR,-0.1303,-67.0892,72.19,99,100,0.6,heavy intensity rain
649,Gainesville,US,29.6516,-82.3248,55.02,81,0,4.61,clear sky
650,Berezovyy,RU,51.6667,135.7,-1.62,75,4,3.29,clear sky
651,Novoagansk,RU,61.9449,76.6625,5.59,94,100,15.1,light snow
652,Alice Springs,AU,-23.7,133.8833,90.95,33,40,6.91,scattered clouds
653,Vawkavysk,BY,53.1561,24.4513,25.5,96,100,15.97,snow
654,Hirara,JP,24.8,125.2833,71.46,52,20,13.8,few clouds
655,Houma,US,29.5958,-90.7195,50.0,92,100,17.27,moderate rain
656,Miracema Do Tocantins,BR,-9.5618,-48.3967,72.45,92,93,1.03,overcast clouds
657,Porto-Vecchio,FR,41.591,9.2795,47.73,100,0,3.44,clear sky
658,Guane,CU,22.2025,-84.0875,71.92,80,14,4.81,few clouds
659,Bilibino,RU,68.0546,166.4372,14.47,83,95,5.75,overcast clouds
660,Barkot,IN,30.8167,78.2,52.9,20,89,2.89,overcast clouds
661,Matay,EG,28.419,30.7792,57.04,80,90,11.39,overcast clouds
662,Maragogi,BR,-9.0122,-35.2225,76.78,80,38,7.78,scattered clouds
663,Nizhnevartovsk,RU,60.9344,76.5531,5.02,92,100,17.9,light snow
664,Barcelos,PT,41.5388,-8.6151,61.92,96,100,18.68,overcast clouds
665,Foki,RU,56.693,54.3499,-12.51,100,30,3.69,scattered clouds
666,Gwadar,PK,25.1216,62.3254,67.48,36,0,10.45,clear sky
667,Qena,EG,26.1615,32.7183,63.73,38,78,3.62,broken clouds
668,Kattivakkam,IN,13.2167,80.3167,77.09,80,100,11.86,overcast clouds
669,Sokolo,ML,14.7328,-6.1219,71.4,16,91,10.22,overcast clouds
670,Ulladulla,AU,-35.35,150.4667,65.32,54,17,10.42,few clouds
671,Parrita,CR,9.5201,-84.3225,75.58,85,97,3.78,overcast clouds
672,Antofagasta,CL,-23.65,-70.4,67.28,77,23,6.35,few clouds
673,Chinchani,IN,19.8667,72.7,75.83,42,24,7.07,few clouds
674,Rockport,US,28.0206,-97.0544,50.04,94,100,11.5,overcast clouds
675,Atikokan,CA,48.7555,-91.6216,8.55,96,100,3.83,light snow
676,Fairbanks,US,64.8378,-147.7164,-34.64,70,0,0.0,haze
677,Lodja,CD,-3.4833,23.4333,66.9,99,100,1.12,light rain
678,Jamsa,FI,61.8642,25.19,30.15,97,100,6.93,overcast clouds
679,Arrifes,PT,37.7667,-25.7,62.24,94,40,19.57,scattered clouds
680,Kohlu,PK,29.8962,69.252,46.51,36,0,3.51,clear sky
681,Porto Belo,BR,-27.1578,-48.5531,69.75,93,100,14.34,overcast clouds
682,Puerto Madryn,AR,-42.7692,-65.0385,65.07,77,96,11.07,light rain
683,Hastings,GB,50.8552,0.5729,55.8,87,100,29.39,overcast clouds
684,Tarakan,ID,3.3,117.6333,81.9,83,40,4.61,scattered clouds
685,Roald,NO,62.5833,6.1333,46.17,93,100,4.61,overcast clouds
686,Batagay-Alyta,RU,67.8006,130.4114,-24.52,91,91,2.8,overcast clouds
687,Basco,PH,20.4487,121.9702,73.96,75,100,30.29,overcast clouds
